entry_date,exit_date,entry_px,exit_px,bars_held,exit_reason,gross_pts,gross_usd,cost_usd,net_usd,entry_rsi,ret_pct,notional_usd,mae_pct,mfe_pct,symbol,year
2003-03-31,2003-04-02,1021.0,1062.0,2,rsi_target,41.0,820.0,14.0,806.0,4.658467777856728,0.040156709108716944,20420.0,-0.0053868756121449556,0.047992164544564155,NQ,2003
2003-04-09,2003-04-14,1026.0,1048.5,3,rsi_target,22.5,450.0,14.0,436.0,6.299768807189224,0.021929824561403508,20520.0,-0.006335282651072124,0.02729044834307992,NQ,2003
2003-05-19,2003-05-22,922.5,930.75,3,rsi_target,8.25,412.5,29.0,383.5,8.219183488466982,0.00894308943089431,46125.0,-0.012195121951219513,0.014092140921409214,ES,2003
2003-05-19,2003-05-26,1114.0,1132.5,5,rsi_target,18.5,370.0,14.0,356.0,7.989920912117938,0.01660682226211849,22280.0,-0.008976660682226212,0.02289048473967684,NQ,2003
2003-06-25,2003-07-01,972.0,981.25,4,rsi_target,9.25,462.5,29.0,433.5,7.285459903231498,0.009516460905349794,48600.0,-0.012088477366255145,0.01646090534979424,ES,2003
2003-07-17,2003-07-23,1255.0,1273.0,4,rsi_target,18.0,360.0,14.0,346.0,6.922772718069908,0.014342629482071713,25100.0,-0.018326693227091632,0.017131474103585658,NQ,2003
2003-07-17,2003-07-25,980.75,996.75,6,rsi_target,16.0,800.0,29.0,771.0,6.917251966106136,0.016314045373438696,49037.5,-0.007392301809839409,0.017843487127198573,ES,2003
2003-08-05,2003-08-08,959.5,978.0,3,rsi_target,18.5,925.0,29.0,896.0,3.5197119202834273,0.01928087545596665,47975.0,-0.0010422094841063053,0.02136529442417926,ES,2003
2003-08-05,2003-08-12,1216.0,1242.5,5,rsi_target,26.5,530.0,14.0,516.0,3.7356930644385216,0.021792763157894735,24320.0,-0.009868421052631578,0.023026315789473683,NQ,2003
2003-09-25,2003-10-01,997.75,1016.5,4,rsi_target,18.75,937.5,29.0,908.5,7.019257909078135,0.018792282635930843,49887.5,-0.010022550739163118,0.019293410172889,ES,2003
2003-09-26,2003-10-03,1310.5,1376.5,5,rsi_target,66.0,1320.0,14.0,1306.0,9.794612806451426,0.05036245707745136,26210.0,-0.005723006486074018,0.05913773368943152,NQ,2003
2003-11-11,2003-11-12,1411.5,1442.0,1,rsi_target,30.5,610.0,14.0,596.0,9.51803337552434,0.021608218207580587,28230.0,-0.001771165426850868,0.025504782146652496,NQ,2003
2003-11-18,2003-11-24,1032.75,1049.5,4,rsi_target,16.75,837.5,29.0,808.5,5.095412800626292,0.016218833212297265,51637.5,-0.002420721374969741,0.01815541031227306,ES,2003
2003-11-18,2003-11-24,1362.5,1415.5,4,rsi_target,53.0,1060.0,14.0,1046.0,3.9162349249982213,0.038899082568807336,27250.0,-0.004403669724770643,0.04110091743119266,NQ,2003
2004-01-22,2004-01-26,1534.5,1554.5,2,rsi_target,20.0,400.0,14.0,386.0,7.261958477048083,0.013033561420658195,30690.0,-0.008797653958944282,0.01401107852720756,NQ,2004
2004-02-04,2004-02-06,1463.0,1494.5,2,rsi_target,31.5,630.0,14.0,616.0,1.7749651875485455,0.0215311004784689,29260.0,-0.002050580997949419,0.025974025974025976,NQ,2004
2004-02-23,2004-02-27,1140.25,1144.5,4,rsi_target,4.25,212.5,29.0,183.5,8.622011649528034,0.0037272527954395965,57012.5,-0.006139004604253453,0.010304757728568297,ES,2004
2004-02-23,2004-03-01,1467.0,1490.0,5,rsi_target,23.0,460.0,14.0,446.0,6.127970182846568,0.015678254942058625,29340.0,-0.010224948875255624,0.016700749829584187,NQ,2004
2004-03-10,2004-03-17,1120.25,1123.75,5,rsi_target,3.5,175.0,29.0,146.0,3.12128155712891,0.003124302611024325,56012.5,-0.016067841999553672,0.00557911180540058,ES,2004
2004-03-08,2004-03-17,1437.5,1429.0,7,rsi_target,-8.5,-170.0,14.0,-184.0,8.963349019408568,-0.00591304347826087,28750.0,-0.030956521739130435,0.0076521739130434785,NQ,2004
2004-03-22,2004-03-25,1093.25,1106.0,3,rsi_target,12.75,637.5,29.0,608.5,6.928590550126444,0.011662474273953807,54662.5,-0.007774982849302539,0.014635261833981249,ES,2004
2004-04-28,2004-05-05,1123.5,1122.0,5,rsi_target,-1.5,-75.0,29.0,-104.0,9.105976191501512,-0.0013351134846461949,56175.0,-0.017578994214508235,0.004005340453938585,ES,2004
2004-04-29,2004-05-05,1436.0,1432.0,4,rsi_target,-4.0,-80.0,14.0,-94.0,5.56072676749541,-0.002785515320334262,28720.0,-0.02541782729805014,0.004874651810584958,NQ,2004
2004-05-07,2004-05-21,1095.5,1092.5,10,rsi_target,-3.0,-150.0,29.0,-179.0,9.10528345900255,-0.0027384755819260614,54775.0,-0.018484710178000914,0.009356458238247376,ES,2004
2004-06-03,2004-06-07,1443.0,1491.0,2,rsi_target,48.0,960.0,14.0,946.0,4.565410011824127,0.033264033264033266,28860.0,0.0010395010395010396,0.03465003465003465,NQ,2004
2004-07-06,2004-07-20,1115.0,1112.0,10,rsi_target,-3.0,-150.0,29.0,-179.0,3.5728717337807154,-0.0026905829596412557,55750.0,-0.01748878923766816,0.006278026905829596,ES,2004
2004-07-06,2004-07-20,1453.5,1427.5,10,rsi_target,-26.0,-520.0,14.0,-534.0,4.023535051808963,-0.017887856897144824,29070.0,-0.044031647746818024,0.006535947712418301,NQ,2004
2004-12-07,2004-12-09,1177.75,1188.5,2,rsi_target,10.75,537.5,29.0,508.5,8.43326762724378,0.00912757376353216,58887.5,-0.0036085756739545746,0.011674803651029506,ES,2004
2004-12-17,2004-12-21,1190.449951171875,1208.0,2,rsi_target,17.550048828125,877.50244140625,29.0,848.50244140625,9.472295062850051,0.014742365952343305,59522.49755859375,0.00403212988786286,0.01516237520977391,ES,2004
2004-12-20,2004-12-21,1604.0,1616.0,1,rsi_target,12.0,240.0,14.0,226.0,7.92572502836893,0.007481296758104738,32080.0,-0.0012468827930174563,0.010286783042394014,NQ,2004
2005-01-03,2005-01-18,1206.25,1195.75,10,rsi_target,-10.5,-525.0,29.0,-554.0,7.60176811458291,-0.008704663212435234,60312.5,-0.024870466321243522,0.002694300518134715,ES,2005
2005-01-03,2005-01-18,1615.5,1576.0,10,rsi_target,-39.5,-790.0,14.0,-804.0,9.904928827490664,-0.024450634478489632,32310.0,-0.04209223150727329,0.002785515320334262,NQ,2005
2005-01-24,2005-01-27,1166.25,1174.75,3,rsi_target,8.5,425.0,29.0,396.0,9.079328429375693,0.007288317256162915,58312.5,-0.00021436227224008573,0.01007502679528403,ES,2005
2005-01-21,2005-01-28,1509.5,1509.5,5,rsi_target,0.0,0.0,14.0,-14.0,7.562512036805231,0.0,30190.0,-0.016561775422325273,0.005631003643590593,NQ,2005
2005-02-10,2005-02-11,1506.5,1534.0,1,rsi_target,27.5,550.0,14.0,536.0,9.817494901783377,0.018254231662794558,30130.0,-0.0036508463325589115,0.02190507799535347,NQ,2005
2005-02-22,2005-02-24,1184.75,1200.75,2,rsi_target,16.0,800.0,29.0,771.0,5.256640459017262,0.013504958852078497,59237.5,-0.0010550749103186326,0.014138003798269677,ES,2005
2005-02-22,2005-02-24,1502.0,1518.5,2,rsi_target,16.5,330.0,14.0,316.0,4.838053699717491,0.010985352862849533,30040.0,-0.007656458055925432,0.012649800266311585,NQ,2005
2005-03-11,2005-03-28,1509.0,1481.0,10,time_stop,-28.0,-560.0,14.0,-574.0,8.941983465151822,-0.01855533465871438,30180.0,-0.030152418820410868,0.009609012591119947,NQ,2005
2005-03-22,2005-03-30,1174.25,1185.5,5,rsi_target,11.25,562.5,29.0,533.5,3.6307767829035384,0.009580583351075155,58712.5,-0.006387055567383436,0.009793485203321269,ES,2005
2005-04-14,2005-04-21,1160.5,1161.5,5,rsi_target,1.0,50.0,29.0,21.0,7.563537441214223,0.0008616975441619991,58025.0,-0.02132701421800948,0.003015941404566997,ES,2005
2005-06-08,2005-06-16,1530.5,1535.5,6,rsi_target,5.0,100.0,14.0,86.0,9.19463558460329,0.003266906239790918,30610.0,-0.013067624959163672,0.009800718719372754,NQ,2005
2005-06-23,2005-06-28,1204.0,1206.75,3,rsi_target,2.75,137.5,29.0,108.5,6.463604784352157,0.0022840531561461796,60200.0,-0.009551495016611296,0.0026993355481727574,ES,2005
2005-08-08,2005-08-11,1227.25,1238.5,3,rsi_target,11.25,562.5,29.0,533.5,9.042848651258652,0.00916683642289672,61362.5,-0.001425952332450601,0.014666938276634752,ES,2005
2005-08-08,2005-08-15,1598.5,1606.0,5,rsi_target,7.5,150.0,14.0,136.0,8.002326329314286,0.0046918986549890525,31970.0,-0.008132624335314358,0.010634970284641852,NQ,2005
2005-08-24,2005-08-29,1565.0,1574.5,3,rsi_target,9.5,190.0,14.0,176.0,2.5038398986798995,0.0060702875399361025,31300.0,-0.013099041533546326,0.008945686900958467,NQ,2005
2005-08-24,2005-08-31,1210.0,1221.5,5,rsi_target,11.5,575.0,29.0,546.0,3.472565205772881,0.009504132231404958,60500.0,-0.013223140495867768,0.011776859504132231,ES,2005
2005-09-15,2005-09-19,1586.5,1602.0,2,rsi_target,15.5,310.0,14.0,296.0,8.318362568982792,0.009769933816577371,31730.0,0.0,0.016388276079420106,NQ,2005
2005-10-06,2005-10-14,1564.5,1550.0,6,rsi_target,-14.5,-290.0,14.0,-304.0,5.924083367006276,-0.009268136784915308,31290.0,-0.02652604666027485,0.005433045701502077,NQ,2005
2005-11-30,2005-12-01,1251.0,1264.5,1,rsi_target,13.5,675.0,29.0,646.0,5.6876930531322785,0.01079136690647482,62550.0,0.0005995203836930455,0.013589128697042365,ES,2005
2005-11-30,2005-12-01,1675.0,1704.0,1,rsi_target,29.0,580.0,14.0,566.0,6.381032022907888,0.017313432835820895,33500.0,0.0005970149253731343,0.02,NQ,2005
2005-12-19,2005-12-22,1679.5,1700.5,3,rsi_target,21.0,420.0,14.0,406.0,3.313019816412023,0.012503721345638583,33590.0,-0.003572491813039595,0.013396844298898482,NQ,2005
2005-12-30,2006-01-03,1254.75,1274.75,1,rsi_target,20.0,1000.0,29.0,971.0,5.9312015326373455,0.01593943016537159,62737.5,-0.002590157401872883,0.01813110181311018,ES,2006
2005-12-29,2006-01-03,1668.0,1693.0,2,rsi_target,25.0,500.0,14.0,486.0,5.953140541968665,0.01498800959232614,33360.0,-0.013189448441247002,0.019784172661870502,NQ,2006
2006-01-18,2006-01-26,1283.75,1277.75,6,rsi_target,-6.0,-300.0,29.0,-329.0,7.4777397322912975,-0.004673807205452775,64187.5,-0.016747809152872443,0.0072054527750730285,ES,2006
2006-01-18,2006-01-27,1727.5,1722.5,7,rsi_target,-5.0,-100.0,14.0,-114.0,4.649894958324211,-0.002894356005788712,34550.0,-0.027785817655571636,0.01447178002894356,NQ,2006
2006-02-03,2006-02-14,1265.5,1278.25,7,rsi_target,12.75,637.5,29.0,608.5,8.755659509906124,0.010075069142631371,63275.0,-0.007704464638482813,0.012643224022125641,ES,2006
2006-02-03,2006-02-15,1667.5,1679.5,8,rsi_target,12.0,240.0,14.0,226.0,4.834882741596971,0.00719640179910045,33350.0,-0.014992503748125937,0.012893553223388306,NQ,2006
2006-03-07,2006-03-10,1277.5,1283.0,3,rsi_target,5.5,275.0,29.0,246.0,8.254555218272003,0.004305283757338552,63875.0,-0.00684931506849315,0.006066536203522505,ES,2006
2006-03-07,2006-03-14,1665.5,1686.0,5,rsi_target,20.5,410.0,14.0,396.0,9.400144410545835,0.012308616031221855,33310.0,-0.018913239267487243,0.012608826178324827,NQ,2006
2006-03-28,2006-04-04,1302.5,1314.75,5,rsi_target,12.25,612.5,29.0,583.5,7.755706682640749,0.009404990403071018,65125.0,-0.001343570057581574,0.012859884836852208,ES,2006
2006-04-11,2006-04-18,1294.0,1313.5,4,rsi_target,19.5,975.0,29.0,946.0,7.991517484426268,0.015069551777434312,64700.0,-0.005795981452859351,0.017001545595054096,ES,2006
2006-04-12,2006-04-18,1718.75,1739.75,3,rsi_target,21.0,420.0,14.0,406.0,8.529748266239437,0.012218181818181819,34375.0,-0.01309090909090909,0.014836363636363637,NQ,2006
2006-05-11,2006-05-25,1311.75,1276.0,10,rsi_target,-35.75,-1787.5,29.0,-1816.5,7.982746652683446,-0.027253668763102725,65587.5,-0.04955212502382314,0.0007623403849818944,ES,2006
2006-05-11,2006-05-25,1664.75,1605.25,10,rsi_target,-59.5,-1190.0,14.0,-1204.0,3.049601880159102,-0.03574110226760775,33295.0,-0.06457426039945938,0.0013515542874305451,NQ,2006
2006-09-07,2006-09-12,1296.25,1313.75,3,rsi_target,17.5,875.0,29.0,846.0,6.966153920706759,0.013500482160077145,64812.5,-0.0036644165863066536,0.014271938283510125,ES,2006
2006-10-02,2006-10-04,1647.5,1692.5,2,rsi_target,45.0,900.0,14.0,886.0,6.6074370208461914,0.027314112291350532,32950.0,-0.005766312594840668,0.02959028831562974,NQ,2006
2006-11-01,2006-11-06,1373.0,1383.75,3,rsi_target,10.75,537.5,29.0,508.5,4.043034467108612,0.007829570284049526,68650.0,-0.005462490895848507,0.009832483612527313,ES,2006
2006-11-27,2006-11-29,1383.5,1402.25,2,rsi_target,18.75,937.5,29.0,908.5,1.9001960331919179,0.013552584026020961,69175.0,-0.003614022406938923,0.014456089627755691,ES,2006
2006-11-27,2006-12-04,1779.0,1803.5,5,rsi_target,24.5,490.0,14.0,476.0,3.6979687454563646,0.013771781899943788,35580.0,-0.00927487352445194,0.018409218662169758,NQ,2006
2006-12-22,2006-12-27,1420.25,1437.0,2,rsi_target,16.75,837.5,29.0,808.5,6.40109791443173,0.011793698292554129,71012.5,0.0001760253476500616,0.01302587572610456,ES,2006
2006-12-21,2007-01-03,1785.25,1779.0,6,rsi_target,-6.25,-125.0,14.0,-139.0,6.383923165593686,-0.003500910236661532,35705.0,-0.021425570648368576,0.014423750175045512,NQ,2007
2007-01-18,2007-01-24,1806.0,1815.25,4,rsi_target,9.25,185.0,14.0,171.0,7.328498415770923,0.0051218161683277965,36120.0,-0.012596899224806201,0.005398671096345515,NQ,2007
2007-02-09,2007-02-14,1443.0,1458.5,3,rsi_target,15.5,775.0,29.0,746.0,7.487285383205702,0.010741510741510741,72150.0,-0.005544005544005544,0.01282051282051282,ES,2007
2007-02-23,2007-03-08,1453.75,1404.75,9,rsi_target,-49.0,-2450.0,29.0,-2479.0,8.531528336527614,-0.033705932932072226,72687.5,-0.058469475494411005,0.00412725709372313,ES,2007
2007-02-27,2007-03-08,1750.5,1754.5,7,rsi_target,4.0,80.0,14.0,66.0,2.2322109695627717,0.0022850614110254213,35010.0,-0.026135389888603255,0.018566123964581547,NQ,2007
2007-03-28,2007-04-03,1429.5,1447.25,4,rsi_target,17.75,887.5,29.0,858.5,8.165741366555025,0.012416928996152501,71475.0,-0.008044770898915705,0.014690451206715634,ES,2007
2007-03-29,2007-04-03,1788.0,1814.75,3,rsi_target,26.75,535.0,14.0,521.0,9.653956759831047,0.014960850111856824,35760.0,-0.007130872483221477,0.017337807606263984,NQ,2007
2007-05-24,2007-05-29,1882.0,1906.5,2,rsi_target,24.5,490.0,14.0,476.0,9.654878012348775,0.013018065887353878,37640.0,-0.0007970244420828905,0.015807651434643997,NQ,2007
2007-05-24,2007-05-30,1511.5,1534.0,3,rsi_target,22.5,1125.0,29.0,1096.0,6.9044126107344255,0.014885874958650347,75575.0,-0.0008269930532583526,0.015382070790605358,ES,2007
2007-06-06,2007-06-14,1516.5,1524.75,6,rsi_target,8.25,412.5,29.0,383.5,6.741534296781694,0.005440158259149357,75825.0,-0.02373887240356083,0.006923837784371909,ES,2007
2007-06-07,2007-06-14,1882.5,1926.25,5,rsi_target,43.75,875.0,14.0,861.0,2.8907248666289007,0.023240371845949535,37650.0,-0.0045152722443559095,0.025365205843293492,NQ,2007
2007-06-26,2007-07-02,1497.75,1531.0,4,rsi_target,33.25,1662.5,29.0,1633.5,5.896228084130655,0.022199966616591554,74887.5,-0.003839091971290269,0.023368385912201636,ES,2007
2007-07-24,2007-08-02,1522.5,1481.75,7,rsi_target,-40.75,-2037.5,29.0,-2066.5,8.352428767533226,-0.026765188834154352,76125.0,-0.05270935960591133,0.0064039408866995075,ES,2007
2007-07-24,2007-08-07,2025.5,1974.0,10,time_stop,-51.5,-1030.0,14.0,-1044.0,4.140070639905787,-0.025425820784991362,40510.0,-0.05023450999753147,0.006911873611453962,NQ,2007
2007-08-15,2007-08-21,1878.5,1919.75,4,rsi_target,41.25,825.0,14.0,811.0,7.598452784367254,0.021959009848283206,37570.0,-0.03446899121639606,0.02422145328719723,NQ,2007
2007-10-19,2007-10-26,1505.75,1542.5,5,rsi_target,36.75,1837.5,29.0,1808.5,3.348640714416149,0.024406441972438984,75287.5,-0.008799601527478001,0.024904532624937737,ES,2007
2007-11-08,2007-11-23,2105.5,2032.5,10,time_stop,-73.0,-1460.0,14.0,-1474.0,5.715610339550381,-0.034671099501306105,42110.0,-0.058537164568985986,0.004630729042982664,NQ,2007
2007-12-17,2007-12-20,2028.5,2076.5,3,rsi_target,48.0,960.0,14.0,946.0,4.500742241020362,0.023662805028346067,40570.0,-0.014049790485580478,0.02378604880453537,NQ,2007
2008-01-02,2008-01-16,2070.0,1881.0,10,time_stop,-189.0,-3780.0,14.0,-3794.0,5.56450479378185,-0.09130434782608696,41400.0,-0.10181159420289855,0.006159420289855073,NQ,2008
2008-08-19,2008-08-22,1919.25,1929.5,3,rsi_target,10.25,205.0,14.0,191.0,9.63429081186726,0.005340627849420346,38385.0,-0.01615214276410056,0.011462810993877817,NQ,2008
2009-06-15,2009-06-19,923.5,926.1500244140624,4,rsi_target,2.6500244140623863,132.50122070311932,29.0,103.50122070311932,8.67704654307947,0.0028695445739711817,46175.0,-0.02165674066053059,0.00568489442338928,ES,2009
2009-06-15,2009-06-19,1458.5,1470.530029296875,4,rsi_target,12.030029296875,240.6005859375,14.0,226.6005859375,2.5762014052421165,0.008248220292680837,29170.0,-0.013027082619129242,0.008399040109701748,NQ,2009
2009-07-02,2009-07-13,1445.25,1442.5,6,rsi_target,-2.75,-55.0,14.0,-69.0,8.58468489693243,-0.0019027849852966616,28905.0,-0.036498875627054145,0.0010378827192527244,NQ,2009
2009-08-17,2009-08-20,1566.25,1614.0,3,rsi_target,47.75,955.0,14.0,941.0,9.793756671100525,0.03048683160415004,31325.0,-0.0015961691939345571,0.034477254588986435,NQ,2009
2009-09-01,2009-09-04,996.5,1014.0,3,rsi_target,17.5,875.0,29.0,846.0,2.212944180320875,0.017561465127947817,49825.0,-0.0055193176116407425,0.019819367787255394,ES,2009
2009-09-01,2009-09-04,1595.5,1635.75,3,rsi_target,40.25,805.0,14.0,791.0,3.8640101222028136,0.025227201504230648,31910.0,-0.006894390473205891,0.02820432466311501,NQ,2009
2009-09-25,2009-09-28,1041.0,1059.0,1,rsi_target,18.0,900.0,29.0,871.0,7.845594733009861,0.01729106628242075,52050.0,-0.005043227665706052,0.01921229586935639,ES,2009
2009-09-24,2009-09-28,1699.5,1722.75,2,rsi_target,23.25,465.0,14.0,451.0,8.481615289930318,0.013680494263018535,33990.0,-0.006766696087084437,0.019417475728155338,NQ,2009
2009-10-01,2009-10-06,1027.5,1048.5,3,rsi_target,21.0,1050.0,29.0,1021.0,7.586860515839433,0.020437956204379562,51375.0,-0.01508515815085158,0.02846715328467153,ES,2009
2009-10-01,2009-10-06,1670.5,1700.75,3,rsi_target,30.25,605.0,14.0,591.0,7.942604022449828,0.018108350793175697,33410.0,-0.012421430709368452,0.02439389404369949,NQ,2009
2009-10-27,2009-11-04,1719.75,1686.75,6,rsi_target,-33.0,-660.0,14.0,-674.0,4.986961700257567,-0.019188835586567816,34395.0,-0.040412850705044336,0.0018898095653437999,NQ,2009
2009-10-28,2009-11-05,1038.5,1063.25,6,rsi_target,24.75,1237.5,29.0,1208.5,2.9105698964665123,0.023832450649975925,51925.0,-0.01203659123736158,0.02455464612421762,ES,2009
2009-11-20,2009-11-23,1763.5,1791.25,1,rsi_target,27.75,555.0,14.0,541.0,8.630224427914314,0.015735752764389,35270.0,-0.0007088176920895946,0.021689821377941593,NQ,2009
2009-12-31,2010-01-04,1110.75,1128.75,1,rsi_target,18.0,900.0,29.0,871.0,6.9406845595934925,0.016205266711681297,55537.5,0.0022507314877335135,0.017105559306774702,ES,2010
2010-01-22,2010-02-02,1091.0,1097.25,7,rsi_target,6.25,312.5,29.0,283.5,5.2107712906687595,0.0057286892758936754,54550.0,-0.022456461961503207,0.011457378551787351,ES,2010
2010-01-22,2010-02-03,1797.75,1785.5,8,rsi_target,-12.25,-245.0,14.0,-259.0,5.781542283762619,-0.006814073146989292,35955.0,-0.03671255736337088,0.01446252259769156,NQ,2010
2010-02-08,2010-02-11,1056.0,1076.5,3,rsi_target,20.5,1025.0,29.0,996.0,8.056028820396207,0.019412878787878788,52800.0,-0.001893939393939394,0.020833333333333332,ES,2010
2010-04-27,2010-04-29,1181.0,1205.25,2,rsi_target,24.25,1212.5,29.0,1183.5,9.761734846660815,0.020533446232006775,59050.0,-0.0035986452159187127,0.021380186282811176,ES,2010
2010-05-06,2010-05-10,1122.5,1156.5,2,rsi_target,34.0,1700.0,29.0,1671.0,4.466552284814554,0.030289532293986638,56125.0,-0.028285077951002227,0.03518930957683741,ES,2010
2010-05-06,2010-05-12,1886.0,1972.75,4,rsi_target,86.75,1735.0,14.0,1721.0,4.677345779126512,0.04599681866383881,37720.0,-0.042550371155885475,0.0478525980911983,NQ,2010
2010-05-18,2010-05-27,1118.75,1101.0,7,rsi_target,-17.75,-887.5,29.0,-916.5,7.370622045756377,-0.015865921787709496,55937.5,-0.07329608938547486,0.003575418994413408,ES,2010
2010-05-19,2010-05-27,1868.25,1863.75,6,rsi_target,-4.5,-90.0,14.0,-104.0,6.735208288717644,-0.0024086712163789645,37365.0,-0.061019670814933764,0.0036130068245684463,NQ,2010
2010-06-23,2010-07-07,1873.75,1789.5,9,rsi_target,-84.25,-1685.0,14.0,-1699.0,9.051870042329838,-0.04496330887258172,37475.0,-0.09379586390927284,0.0008005336891260841,NQ,2010
2010-09-23,2010-09-24,1120.5,1143.25,1,rsi_target,22.75,1137.5,29.0,1108.5,8.214451638015618,0.02030343596608657,56025.0,-0.00178491744756805,0.0214190093708166,ES,2010
2010-10-04,2010-10-05,1977.0,2018.5,1,rsi_target,41.5,830.0,14.0,816.0,3.4153669976332566,0.020991401112797167,39540.0,-0.0007587253414264037,0.024279210925644917,NQ,2010
2010-11-12,2010-11-18,1195.5,1197.75,4,rsi_target,2.25,112.5,29.0,83.5,6.515921954351256,0.0018820577164366374,59775.0,-0.020493517356754497,0.008573818485989126,ES,2010
2010-11-12,2010-11-18,2133.75,2134.25,4,rsi_target,0.5,10.0,14.0,-4.0,1.2822275160639265,0.00023432923257176333,42675.0,-0.023550087873462213,0.008084358523725835,NQ,2010
2010-12-31,2011-01-03,2216.0,2250.5,1,rsi_target,34.5,690.0,14.0,676.0,7.415682822697832,0.015568592057761732,44320.0,0.0014666064981949459,0.023352888086642598,NQ,2011
2011-01-21,2011-01-25,2269.0,2301.25,2,rsi_target,32.25,645.0,14.0,631.0,9.059184981804293,0.014213309828118114,45380.0,-0.001983252534156016,0.015094755398854121,NQ,2011
2011-02-22,2011-02-25,2321.75,2345.75,3,rsi_target,24.0,480.0,14.0,466.0,3.7540134066019704,0.010337030257348983,46435.0,-0.017874448153332615,0.012275223430601917,NQ,2011
2011-02-23,2011-02-28,1305.5,1326.0,3,rsi_target,20.5,1025.0,29.0,996.0,9.033987451836637,0.015702795863653772,65275.0,-0.00995787054768288,0.01800076599004213,ES,2011
2011-03-16,2011-03-18,1258.75,1287.7099609375,2,rsi_target,28.9599609375,1447.998046875,29.0,1418.998046875,4.855540927178424,0.023006920307845083,62937.5,-0.009731876861966237,0.02740814299900695,ES,2011
2011-03-10,2011-03-21,2283.0,2254.5,7,rsi_target,-28.5,-570.0,14.0,-584.0,8.434826386906266,-0.012483574244415242,45660.0,-0.0415024091108191,0.010183968462549276,NQ,2011
2011-04-11,2011-04-15,1319.5,1318.75,4,rsi_target,-0.75,-37.5,29.0,-66.5,6.687780761476105,-0.0005683971201212581,65975.0,-0.01610458507010231,0.0007578628268283441,ES,2011
2011-04-11,2011-04-20,2308.0,2355.0,7,rsi_target,47.0,940.0,14.0,926.0,7.957113019351269,0.020363951473136917,46160.0,-0.025021663778162912,0.024155112651646448,NQ,2011
2011-05-04,2011-05-09,2384.0,2386.5,3,rsi_target,2.5,50.0,14.0,36.0,9.377327011741258,0.0010486577181208054,47680.0,-0.008598993288590604,0.010801174496644295,NQ,2011
2011-05-04,2011-05-10,1343.0,1353.75,4,rsi_target,10.75,537.5,29.0,508.5,9.99420133943697,0.00800446760982874,67150.0,-0.01321667907669397,0.010052122114668651,ES,2011
2011-05-16,2011-05-19,2334.5,2369.0,3,rsi_target,34.5,690.0,14.0,676.0,8.489164603019304,0.014778325123152709,46690.0,-0.006960805311629899,0.016598843435425146,NQ,2011
2011-05-24,2011-05-26,1313.5,1326.5,2,rsi_target,13.0,650.0,29.0,621.0,9.724346468828827,0.0098972211648268,65675.0,-0.008564902931100115,0.010658545869813475,ES,2011
2011-05-24,2011-05-27,2301.75,2332.5,3,rsi_target,30.75,615.0,14.0,601.0,6.965055765125413,0.01335940045617465,46035.0,-0.009014879982621918,0.01596611274030629,NQ,2011
2011-06-03,2011-06-14,1296.25,1290.0,7,rsi_target,-6.25,-312.5,29.0,-341.5,9.61021779855183,-0.0048216007714561235,64812.5,-0.024108003857280617,0.0021215043394406945,ES,2011
2011-06-08,2011-06-14,2248.0,2250.75,4,rsi_target,2.75,55.0,14.0,41.0,3.132424137118221,0.0012233096085409252,44960.0,-0.014902135231316727,0.008674377224199288,NQ,2011
2011-07-14,2011-07-19,2334.0,2389.0,3,rsi_target,55.0,1100.0,14.0,1086.0,7.106248365628701,0.02356469580119966,46680.0,-0.006533847472150814,0.02817052270779777,NQ,2011
2011-07-27,2011-08-10,1299.0,1123.5,10,time_stop,-175.5,-8775.0,29.0,-8804.0,4.854136960188825,-0.1351039260969977,64950.0,-0.17090069284064666,0.01077752117013087,ES,2011
2011-07-27,2011-08-10,2357.75,2085.0,10,time_stop,-272.75,-5455.0,14.0,-5469.0,6.749257909591947,-0.11568232424981444,47155.0,-0.16350334004877531,0.017389460290531226,NQ,2011
2012-03-06,2012-03-08,1342.0,1366.5,2,rsi_target,24.5,1225.0,29.0,1196.0,5.290035065290311,0.01825633383010432,67100.0,-0.0005588673621460507,0.019746646795827123,ES,2012
2012-03-06,2012-03-08,2589.5,2637.75,2,rsi_target,48.25,965.0,14.0,951.0,8.008900100143109,0.018632940722147134,51790.0,-0.00048271867155821587,0.021143077814249855,NQ,2012
2012-03-22,2012-03-26,1389.0,1415.0,2,rsi_target,26.0,1300.0,29.0,1271.0,5.9850503811483975,0.018718502519798418,69450.0,-0.006119510439164867,0.01907847372210223,ES,2012
2012-04-09,2012-04-12,1375.0,1386.0,3,rsi_target,11.0,550.0,29.0,521.0,3.5493785204877213,0.008,68750.0,-0.016363636363636365,0.008181818181818182,ES,2012
2012-04-10,2012-04-12,2697.0,2738.75,2,rsi_target,41.75,835.0,14.0,821.0,9.652090024268858,0.015480163144234334,53940.0,0.0001853911753800519,0.01603633667037449,NQ,2012
2012-04-23,2012-04-25,2650.25,2704.5,2,rsi_target,54.25,1085.0,14.0,1071.0,8.696220197219844,0.020469767003112913,53005.0,-0.009621733798698236,0.021318743514762758,NQ,2012
2012-05-04,2012-05-18,1362.5,1290.75,10,time_stop,-71.75,-3587.5,29.0,-3616.5,3.9465886580000813,-0.052660550458715594,68125.0,-0.05339449541284404,0.005688073394495413,ES,2012
2012-05-04,2012-05-18,2625.5,2468.25,10,time_stop,-157.25,-3145.0,14.0,-3159.0,4.016299169120018,-0.05989335364692439,52510.0,-0.059988573605027615,0.008665016187392878,NQ,2012
2012-05-18,2012-05-24,1290.75,1322.5,4,rsi_target,31.75,1587.5,29.0,1558.5,0.44107470760710044,0.02459810187875266,64537.5,-0.0027116017819097424,0.027697075343792368,ES,2012
2012-05-18,2012-05-29,2468.25,2559.5,6,rsi_target,91.25,1825.0,14.0,1811.0,0.035203185799275616,0.03696951281272157,49365.0,-0.001316722374151727,0.04122353894459638,NQ,2012
2012-06-01,2012-06-06,2455.0,2550.0,3,rsi_target,95.0,1900.0,14.0,1886.0,5.631338327607622,0.038696537678207736,49100.0,-0.008655804480651732,0.03940936863543788,NQ,2012
2012-07-10,2012-07-13,1335.5,1351.75,3,rsi_target,16.25,812.5,29.0,783.5,6.539432625220002,0.012167727442905278,66775.0,-0.011793335829277425,0.013290902283788843,ES,2012
2012-07-10,2012-07-17,2578.0,2587.0,5,rsi_target,9.0,180.0,14.0,166.0,8.05445888385853,0.0034910783553141972,51560.0,-0.023855702094647012,0.0062063615205585725,NQ,2012
2012-07-24,2012-07-26,1329.5,1354.75,2,rsi_target,25.25,1262.5,29.0,1233.5,6.225187168675845,0.018992102294095526,66475.0,-0.00620534035351636,0.022000752162467094,ES,2012
2012-07-25,2012-07-27,2543.5,2642.0,2,rsi_target,98.5,1970.0,14.0,1956.0,9.22880170309503,0.03872616473363476,50870.0,-0.005405936701395714,0.04029880086494987,NQ,2012
2012-08-23,2012-09-06,1400.0,1431.0,9,rsi_target,31.0,1550.0,29.0,1521.0,3.5516437820283357,0.02214285714285714,70000.0,-0.003928571428571429,0.023035714285714284,ES,2012
2012-08-30,2012-09-06,2753.75,2825.5,4,rsi_target,71.75,1435.0,14.0,1421.0,7.361198172091235,0.026055379028597368,55075.0,-0.003994552882433046,0.027507943713118474,NQ,2012
2012-09-25,2012-10-02,1437.25,1441.0,5,rsi_target,3.75,187.5,29.0,158.5,8.963758467822217,0.0026091494172899633,71862.5,-0.009218994607757871,0.009914767785701861,ES,2012
2012-09-25,2012-10-03,2803.25,2808.0,6,rsi_target,4.75,95.0,14.0,81.0,8.33102875271635,0.0016944617854276287,56065.0,-0.014625880674217426,0.006867029340943548,NQ,2012
2012-10-09,2012-10-15,1436.0,1435.5,4,rsi_target,-0.5,-25.0,29.0,-54.0,9.852550527106644,-0.00034818941504178273,71800.0,-0.013579387186629526,0.002263231197771588,ES,2012
2012-10-09,2012-10-16,2734.0,2765.25,5,rsi_target,31.25,625.0,14.0,611.0,4.449228824025383,0.011430138990490125,54680.0,-0.010607168983174835,0.01581931236283833,NQ,2012
2012-10-19,2012-11-01,2664.0,2684.75,7,rsi_target,20.75,415.0,14.0,401.0,7.257044656571708,0.007789039039039039,53280.0,-0.022334834834834835,0.01173048048048048,NQ,2012
2012-12-27,2013-01-02,1410.75,1457.0,3,rsi_target,46.25,2312.5,29.0,2283.5,7.962043345768123,0.03278398015240121,70537.5,-0.020202020202020204,0.03349282296650718,ES,2013
2013-03-19,2013-03-22,2779.5,2793.5,3,rsi_target,14.0,280.0,14.0,266.0,7.042471537242292,0.005036877136175571,55590.0,-0.006565929123943155,0.009713977334052886,NQ,2013
2013-03-19,2013-03-26,1542.25,1557.25,5,rsi_target,15.0,750.0,29.0,721.0,8.953021465598312,0.009726049602852975,77112.5,-0.004700923974712271,0.011833360350137786,ES,2013
2013-04-15,2013-04-22,1543.5,1556.0,5,rsi_target,12.5,625.0,29.0,596.0,9.60856844669128,0.008098477486232589,77175.0,-0.00826044703595724,0.017654680919987044,ES,2013
2013-05-23,2013-05-28,2992.25,3003.5,2,rsi_target,11.25,225.0,14.0,211.0,9.06805156560813,0.003759712590859721,59845.0,-0.009608154398863731,0.014871752026067341,NQ,2013
2013-06-05,2013-06-07,1608.0,1638.5,2,rsi_target,30.5,1525.0,29.0,1496.0,7.302450933717552,0.01896766169154229,80400.0,-0.007151741293532339,0.022388059701492536,ES,2013
2013-06-05,2013-06-07,2938.5,2980.5,2,rsi_target,42.0,840.0,14.0,826.0,4.996861974477284,0.014293006636038795,58770.0,-0.00952867109069253,0.01820656797685894,NQ,2013
2013-06-12,2013-06-18,2920.25,2993.5,4,rsi_target,73.25,1465.0,14.0,1451.0,9.989777536559629,0.02508346888108895,58405.0,-0.007704819792825957,0.02816539679821933,NQ,2013
2013-06-20,2013-06-27,1590.5,1606.5,5,rsi_target,16.0,800.0,29.0,771.0,9.97963429492414,0.010059729644765796,79525.0,-0.02342030807922037,0.01493241119144923,ES,2013
2013-06-24,2013-06-27,2844.0,2899.5,3,rsi_target,55.5,1110.0,14.0,1096.0,8.777824468607463,0.019514767932489453,56880.0,-0.004658931082981716,0.02610759493670886,NQ,2013
2013-08-15,2013-08-22,3071.0,3101.75,5,rsi_target,30.75,615.0,14.0,601.0,7.699865895623347,0.010013025073266037,61420.0,-0.005047215890589384,0.011722565939433409,NQ,2013
2013-08-15,2013-08-23,1655.75,1661.5,6,rsi_target,5.75,287.5,29.0,258.5,3.787358950590189,0.003472746489506266,82787.5,-0.014645930847048166,0.004227691378529367,ES,2013
2013-09-25,2013-10-09,1685.75,1648.75,10,time_stop,-37.0,-1850.0,29.0,-1879.0,6.872193992603599,-0.021948687527806616,84287.5,-0.02713925552424737,0.006970191309506155,ES,2013
2013-10-09,2013-10-11,3132.5,3225.5,2,rsi_target,93.0,1860.0,14.0,1846.0,7.762200161864769,0.029688747007182763,62650.0,7.980845969672785e-05,0.03128491620111732,NQ,2013
2013-11-07,2013-11-13,3319.5,3402.0,4,rsi_target,82.5,1650.0,14.0,1636.0,3.2121655899935746,0.024853140533212834,66390.0,-0.002861876788672993,0.02628407892754933,NQ,2013
2013-12-03,2013-12-06,1791.5,1805.0,3,rsi_target,13.5,675.0,29.0,646.0,5.010543577609667,0.007535584705554005,89575.0,-0.007675132570471672,0.008093776165224673,ES,2013
2013-12-12,2013-12-16,1775.0,1786.5,2,rsi_target,11.5,575.0,29.0,546.0,8.87298674797114,0.006478873239436619,88750.0,-0.008309859154929577,0.009859154929577466,ES,2013
2013-12-12,2013-12-18,3459.5,3512.75,4,rsi_target,53.25,1065.0,14.0,1051.0,9.36003076291368,0.015392397745338921,69190.0,-0.010839716722069664,0.015609192079780315,NQ,2013
2014-01-06,2014-01-08,3517.75,3564.75,2,rsi_target,47.0,940.0,14.0,926.0,7.41267527287647,0.013360813019685879,70355.0,-0.0004974770805202189,0.014711107952526474,NQ,2014
2014-01-23,2014-02-06,1824.25,1766.5,10,rsi_target,-57.75,-2887.5,29.0,-2916.5,9.827961011747036,-0.03165684527888173,91212.5,-0.050568726874057834,0.002055639303823489,ES,2014
2014-01-24,2014-02-06,3532.25,3487.25,9,rsi_target,-45.0,-900.0,14.0,-914.0,7.3106101614848455,-0.01273975511359615,70645.0,-0.03404345672022082,0.0036095972821855757,NQ,2014
2014-03-13,2014-03-18,1846.75,1870.75,3,rsi_target,24.0,1200.0,29.0,1171.0,6.70313443609075,0.012995803438472993,92337.5,-0.00879924191146609,0.014755651820766212,ES,2014
2014-03-14,2014-03-18,3627.75,3701.5,2,rsi_target,73.75,1475.0,14.0,1461.0,8.516161689157585,0.02032940527875405,72555.0,-0.005306319343945972,0.022258975949279856,NQ,2014
2014-03-27,2014-04-01,3554.25,3650.25,3,rsi_target,96.0,1920.0,14.0,1906.0,8.518147752220315,0.027009917704156994,71085.0,-0.0007737216009003306,0.027713300977702752,NQ,2014
2014-04-07,2014-04-09,1838.0,1864.75,2,rsi_target,26.75,1337.5,29.0,1308.5,5.895407124423272,0.01455386289445049,91900.0,-0.003944504896626768,0.015505984766050054,ES,2014
2014-04-04,2014-04-09,3537.5,3591.0,3,rsi_target,53.5,1070.0,14.0,1056.0,9.865746038706234,0.015123674911660777,70750.0,-0.017809187279151942,0.016042402826855123,NQ,2014
2014-05-06,2014-05-12,1864.25,1892.75,4,rsi_target,28.5,1425.0,29.0,1396.0,9.494282565423816,0.015287649188681775,93212.5,-0.005229985248759555,0.015958160118009924,ES,2014
2014-06-12,2014-06-17,1930.5,1941.5,3,rsi_target,11.0,550.0,29.0,521.0,7.405748282811018,0.005698005698005698,96525.0,-0.002072002072002072,0.006734006734006734,ES,2014
2014-07-31,2014-08-08,1924.75,1923.75,6,rsi_target,-1.0,-50.0,29.0,-79.0,3.09591890509941,-0.000519547993245876,96237.5,-0.017924405766982725,0.00662423691388492,ES,2014
2014-07-31,2014-08-11,3884.75,3905.0,7,rsi_target,20.25,405.0,14.0,391.0,9.750289249922588,0.005212690649333934,77695.0,-0.014994529892528476,0.008494755132247893,NQ,2014
2014-09-15,2014-09-18,4033.5,4103.75,3,rsi_target,70.25,1405.0,14.0,1391.0,7.3173764486634525,0.017416635676211725,80670.0,-0.005330358249659105,0.01816040659476881,NQ,2014
2014-10-01,2014-10-03,1940.75,1960.25,2,rsi_target,19.5,975.0,29.0,946.0,7.409420297514998,0.010047661986345486,97037.5,-0.011593456138090943,0.012237537034651552,ES,2014
2014-10-13,2014-10-20,3798.5,3866.0,5,rsi_target,67.5,1350.0,14.0,1336.0,6.991251433554808,0.017770172436488086,75970.0,-0.030143477688561276,0.022245623272344348,NQ,2014
2014-12-01,2014-12-03,2050.75,2072.5,2,rsi_target,21.75,1087.5,29.0,1058.5,9.611431355501779,0.01060587589906132,102537.5,0.0,0.012312568572473485,ES,2014
2014-12-10,2014-12-17,2026.5,2014.25,5,rsi_target,-12.25,-612.5,29.0,-641.5,2.5680202493542623,-0.006044905008635579,101325.0,-0.028744140143103874,0.014803849000740192,ES,2014
2014-12-08,2014-12-18,4279.0,4265.0,8,rsi_target,-14.0,-280.0,14.0,-294.0,8.172430226076727,-0.003271792474877308,85580.0,-0.04551297032016827,0.004557139518579108,NQ,2014
2014-12-31,2015-01-08,2052.5,2055.0,5,rsi_target,2.5,125.0,29.0,96.0,5.466194893703673,0.001218026796589525,102625.0,-0.033252131546894034,0.007186358099878197,ES,2015
2014-12-31,2015-01-08,4232.75,4232.25,5,rsi_target,-0.5,-10.0,14.0,-24.0,7.131835845222284,-0.00011812651349595417,84655.0,-0.03561514381903018,0.009450121079676334,NQ,2015
2015-01-15,2015-01-20,1989.0,2016.75,2,rsi_target,27.75,1387.5,29.0,1358.5,5.17245384924658,0.013951734539969835,99450.0,-0.00942684766214178,0.01885369532428356,ES,2015
2015-01-15,2015-01-20,4089.0,4167.0,2,rsi_target,78.0,1560.0,14.0,1546.0,4.378583937547091,0.019075568598679385,81780.0,-0.011616532159452188,0.021093176815847395,NQ,2015
2015-01-28,2015-02-03,1991.5,2042.0,4,rsi_target,50.5,2525.0,29.0,2496.0,8.473343763158468,0.0253577705247301,99575.0,-0.008912879738890284,0.026362038664323375,ES,2015
2015-01-28,2015-02-03,4124.25,4216.25,4,rsi_target,92.0,1840.0,14.0,1826.0,6.876993511110669,0.02230708613687337,82485.0,-0.009395647693520033,0.023883130266108988,NQ,2015
2015-03-06,2015-03-16,2070.75,2076.5,6,rsi_target,5.75,287.5,29.0,258.5,6.797409972496993,0.00277677170107449,103537.5,-0.015694796571290595,0.005674272606543523,ES,2015
2015-03-06,2015-03-16,4405.0,4359.5,6,rsi_target,-45.5,-910.0,14.0,-924.0,9.361925381450149,-0.010329171396140749,88100.0,-0.026503972758229286,0.004483541430192963,NQ,2015
2015-03-25,2015-03-30,2053.75,2075.5,3,rsi_target,21.75,1087.5,29.0,1058.5,5.904726830566304,0.010590383444917834,102687.5,-0.009981740718198417,0.013633597078514912,ES,2015
2015-03-25,2015-03-30,4323.5,4372.5,3,rsi_target,49.0,980.0,14.0,966.0,5.232659516276144,0.011333410431363478,86470.0,-0.01237423383832543,0.01347288076789638,NQ,2015
2015-04-17,2015-04-21,4349.0,4428.5,2,rsi_target,79.5,1590.0,14.0,1576.0,9.281670098557967,0.018280064382616694,86980.0,0.0007472982294780409,0.02155667969648195,NQ,2015
2015-04-30,2015-05-04,2079.0,2109.25,2,rsi_target,30.25,1512.5,29.0,1483.5,8.454510567346873,0.01455026455026455,103950.0,0.0007215007215007215,0.017316017316017316,ES,2015
2015-04-30,2015-05-08,4408.25,4448.75,6,rsi_target,40.5,810.0,14.0,796.0,4.918500789711047,0.009187319230987354,88165.0,-0.01718368967277264,0.021607213746951737,NQ,2015
2015-05-26,2015-06-03,2105.0,2116.0,6,rsi_target,11.0,550.0,29.0,521.0,7.733866489824081,0.005225653206650831,105250.0,-0.005225653206650831,0.009144893111638954,ES,2015
2015-06-08,2015-06-10,2078.25,2107.0,2,rsi_target,28.75,1437.5,29.0,1408.5,5.682700607523586,0.01383375436063996,103912.5,-0.0045711536148201615,0.014314928425357873,ES,2015
2015-06-08,2015-06-10,4432.25,4488.75,2,rsi_target,56.5,1130.0,14.0,1116.0,5.22628616189094,0.01274747588696486,88645.0,-0.009475999774380958,0.014890856788312933,NQ,2015
2015-06-29,2015-07-07,2050.5,2073.75,5,rsi_target,23.25,1162.5,29.0,1133.5,2.6589566661936033,0.011338697878566204,102525.0,-0.00792489636673982,0.013899049012435992,ES,2015
2015-06-26,2015-07-10,4480.5,4408.25,9,rsi_target,-72.25,-1445.0,14.0,-1459.0,6.062110082873687,-0.01612543242941636,89610.0,-0.03319941970762192,-0.006472491909385114,NQ,2015
2015-07-23,2015-07-29,2098.5,2101.5,4,rsi_target,3.0,150.0,29.0,121.0,7.377989891775698,0.0014295925661186562,104925.0,-0.020014295925661188,0.002740052418394091,ES,2015
2015-07-24,2015-07-30,4561.75,4595.25,4,rsi_target,33.5,670.0,14.0,656.0,7.654657506629462,0.007343672932536856,91235.0,-0.014194114100948101,0.008110922343398915,NQ,2015
2015-11-09,2015-11-18,2073.0,2079.75,7,rsi_target,6.75,337.5,29.0,308.5,5.356712235565368,0.003256150506512301,103650.0,-0.035938253738543174,0.006874095513748191,ES,2015
2015-11-10,2015-11-18,4643.0,4652.5,6,rsi_target,9.5,190.0,14.0,176.0,8.473096700265998,0.002046090889511092,92860.0,-0.040491061813482665,0.006838251130734439,NQ,2015
2016-01-04,2016-01-19,4504.5,4144.5,10,time_stop,-360.0,-7200.0,14.0,-7214.0,7.7621186880044775,-0.07992007992007992,90090.0,-0.09518259518259518,0.004107004107004107,NQ,2016
2016-04-22,2016-05-06,4465.75,4328.25,10,time_stop,-137.5,-2750.0,14.0,-2764.0,5.893496302122259,-0.0307899009125007,89315.0,-0.04360969601970554,0.005374237250181941,NQ,2016
2016-04-29,2016-05-10,2059.0,2077.5,7,rsi_target,18.5,925.0,29.0,896.0,5.774971342146344,0.008984944147644487,102950.0,-0.013841670713938806,0.01007770762506071,ES,2016
2016-06-13,2016-06-21,2078.75,2080.5,6,rsi_target,1.75,87.5,29.0,58.5,5.146602283852033,0.0008418520745640408,103937.5,-0.013830426939266387,0.00661455201443175,ES,2016
2016-06-10,2016-06-23,4465.75,4462.5,9,rsi_target,-3.25,-65.0,14.0,-79.0,4.655227641844974,-0.0007277612942954711,89315.0,-0.02345630633152326,0.0030230084532273413,NQ,2016
2016-08-02,2016-08-05,2152.75,2176.75,3,rsi_target,24.0,1200.0,29.0,1171.0,9.930864878226075,0.011148530948786437,107637.5,-0.0034839159214957614,0.011961444663802114,ES,2016
2016-08-26,2016-08-29,2168.5,2179.25,1,rsi_target,10.75,537.5,29.0,508.5,6.310599833453637,0.004957343786027208,108425.0,-0.0018445930366612867,0.0063407885635231725,ES,2016
2016-09-09,2016-09-15,4671.0,4817.75,4,rsi_target,146.75,2935.0,14.0,2921.0,3.810916324809071,0.03141725540569471,93420.0,-0.00899165061014772,0.03334403767929779,NQ,2016
2016-09-09,2016-09-21,2122.75,2156.25,8,rsi_target,33.5,1675.0,29.0,1646.0,2.5464144510496283,0.015781415616535156,106137.5,-0.00741962077493817,0.018843481333176305,ES,2016
2016-10-12,2016-10-18,2131.5,2132.0,4,rsi_target,0.5,25.0,29.0,-4.0,8.202124304341964,0.0002345765892563922,106575.0,-0.01114238798967863,0.005512549847525217,ES,2016
2016-10-11,2016-10-18,4827.0,4827.0,5,rsi_target,0.0,0.0,14.0,-14.0,6.005005796808419,0.0,96540.0,-0.015019680961259581,0.006163248394447898,NQ,2016
2016-10-27,2016-11-07,2123.5,2129.0,7,rsi_target,5.5,275.0,29.0,246.0,8.66853105221783,0.0025900635742877325,106175.0,-0.02107369908170473,0.005533317635978338,ES,2016
2016-10-31,2016-11-07,4796.75,4775.75,5,rsi_target,-21.0,-420.0,14.0,-434.0,7.1010060332877885,-0.004377964246625319,95935.0,-0.030333037994475426,0.004221608380674415,NQ,2016
2016-12-01,2016-12-07,4736.5,4841.75,4,rsi_target,105.25,2105.0,14.0,2091.0,4.737119320827588,0.022221049298004857,94730.0,-0.0073894225694077905,0.024965691966642035,NQ,2016
2016-12-28,2017-01-03,2245.25,2252.5,3,rsi_target,7.25,362.5,29.0,333.5,6.227624044937457,0.003229039082507516,112262.5,-0.0076828860928627105,0.006346731989756152,ES,2017
2016-12-30,2017-01-04,4864.0,4933.5,2,rsi_target,69.5,1390.0,14.0,1376.0,4.160659610277264,0.014288651315789474,97280.0,0.002621299342105263,0.016138980263157895,NQ,2017
2017-03-08,2017-03-10,2364.0,2371.75,2,rsi_target,7.75,387.5,29.0,358.5,9.739609195677431,0.00327834179357022,118200.0,-0.004230118443316413,0.00666243654822335,ES,2017
2017-03-21,2017-03-28,2342.25,2351.5,5,rsi_target,9.25,462.5,29.0,433.5,4.360585967566124,0.003949194150923258,117112.5,-0.010460027751094033,0.007791653324794535,ES,2017
2017-03-21,2017-03-28,5338.25,5405.0,5,rsi_target,66.75,1335.0,14.0,1321.0,4.89981643138151,0.012504097784854586,106765.0,-0.0043553599025898,0.01620381211071044,NQ,2017
2017-04-11,2017-04-19,5401.75,5397.75,5,rsi_target,-4.0,-80.0,14.0,-94.0,7.038347719116317,-0.0007405007636414125,108035.0,-0.010043041606886656,0.00536863053640024,NQ,2017
2017-04-05,2017-04-20,2346.5,2352.0,10,rsi_target,5.5,275.0,29.0,246.0,8.798914010566207,0.002343916471340294,117325.0,-0.010121457489878543,0.0071382910718090775,ES,2017
2017-05-17,2017-05-22,2357.5,2392.75,3,rsi_target,35.25,1762.5,29.0,1733.5,5.885400433920253,0.014952279957582184,117875.0,-0.005514316012725344,0.015588547189819724,ES,2017
2017-06-09,2017-06-19,5740.5,5766.0,6,rsi_target,25.5,510.0,14.0,496.0,5.949205442873733,0.004442121766396656,114810.0,-0.018595941120111488,0.0073164358505356675,NQ,2017
2017-06-27,2017-07-10,5676.5,5694.0,8,rsi_target,17.5,350.0,14.0,336.0,8.744253425955378,0.0030828855809037258,113530.0,-0.020479168501717607,0.0175284065885669,NQ,2017
2017-06-27,2017-07-12,2420.5,2440.0,10,rsi_target,19.5,975.0,29.0,946.0,8.624521218011964,0.008056186738277215,121025.0,-0.007539764511464574,0.010121875645527783,ES,2017
2017-07-31,2017-08-02,5882.5,5910.75,2,rsi_target,28.25,565.0,14.0,551.0,7.246076005596478,0.004802379940501487,117650.0,-0.004462388440288993,0.011049723756906077,NQ,2017
2017-08-10,2017-08-14,2437.5,2463.5,2,rsi_target,26.0,1300.0,29.0,1271.0,2.344543789021955,0.010666666666666666,121875.0,-0.0029743589743589744,0.011897435897435898,ES,2017
2017-08-10,2017-08-14,5789.75,5910.0,2,rsi_target,120.25,2405.0,14.0,2391.0,5.268854222061734,0.020769463275616393,115795.0,-0.004965672092922838,0.021935316723520015,NQ,2017
2017-09-25,2017-09-27,2497.0,2504.5,2,rsi_target,7.5,375.0,29.0,346.0,9.290627521082243,0.0030036043251902285,124850.0,-0.0019022827392871447,0.0049058870644773725,ES,2017
2017-09-22,2017-09-27,5935.75,5941.0,3,rsi_target,5.25,105.0,14.0,91.0,7.549684211024527,0.0008844712125679147,118715.0,-0.015794128795855622,0.004590826769995367,NQ,2017
2017-11-15,2017-11-16,2565.0,2585.0,1,rsi_target,20.0,1000.0,29.0,971.0,4.969901531757941,0.007797270955165692,128250.0,-0.0010721247563352826,0.009551656920077973,ES,2017
2017-11-15,2017-11-16,6266.25,6341.0,1,rsi_target,74.75,1495.0,14.0,1481.0,4.775753357201452,0.011928984639936167,125325.0,-0.0008777179333732296,0.014721723518850987,NQ,2017
2017-11-29,2017-12-07,6305.5,6323.0,6,rsi_target,17.5,350.0,14.0,336.0,7.585619491932107,0.0027753548489414005,126110.0,-0.01169613829196733,0.01367853461263976,NQ,2017
2017-12-29,2018-01-02,2676.0,2693.0,1,rsi_target,17.0,850.0,29.0,821.0,5.332154050274454,0.006352765321375187,133800.0,-0.0005605381165919282,0.007473841554559043,ES,2018
2017-12-27,2018-01-02,6454.0,6514.75,3,rsi_target,60.75,1215.0,14.0,1201.0,8.5382378702989,0.00941276727610784,129080.0,-0.010962193988224357,0.01072977998140688,NQ,2018
2018-02-02,2018-02-13,2756.75,2661.75,7,rsi_target,-95.0,-4750.0,29.0,-4779.0,1.9691292337677169,-0.03446086877663916,137837.5,-0.08261539856715334,0.0022671624195157343,ES,2018
2018-02-02,2018-02-13,6755.75,6560.5,7,rsi_target,-195.25,-3905.0,14.0,-3919.0,4.517343455671536,-0.028901306294637902,135115.0,-0.08759205121563113,0.008548273692780224,NQ,2018
2018-03-19,2018-04-03,2722.75,2613.25,10,time_stop,-109.5,-5475.0,29.0,-5504.0,5.480747642333839,-0.040216692682031034,136137.5,-0.06271233128271049,0.007804609310439812,ES,2018
2018-03-19,2018-04-03,6914.25,6469.25,10,time_stop,-445.0,-8900.0,14.0,-8914.0,4.844427443652307,-0.06435983656940376,138285.0,-0.08500560436779116,0.005315110098709187,NQ,2018
2018-04-24,2018-04-26,2635.25,2674.5,2,rsi_target,39.25,1962.5,29.0,1933.5,3.311288646700234,0.014894222559529456,131762.5,-0.009107295323024381,0.016032634474907503,ES,2018
2018-04-24,2018-04-26,6526.75,6734.75,2,rsi_target,208.0,4160.0,14.0,4146.0,3.3178447719554214,0.03186884743555368,130535.0,-0.014938522235415789,0.034052169916114455,NQ,2018
2018-05-29,2018-06-01,2692.25,2733.75,3,rsi_target,41.5,2075.0,29.0,2046.0,3.869116826919665,0.015414616027486304,134612.5,-0.002414337450088216,0.01662178475253041,ES,2018
2018-06-25,2018-07-02,2722.25,2727.25,5,rsi_target,5.0,250.0,29.0,221.0,9.267816240355216,0.0018367159518780421,136112.5,-0.010652952520892644,0.009459087152171917,ES,2018
2018-06-25,2018-07-02,7073.5,7116.5,5,rsi_target,43.0,860.0,14.0,846.0,4.7881497730774925,0.0060790273556231,141470.0,-0.016611295681063124,0.011027072877641902,NQ,2018
2018-07-30,2018-08-02,7200.5,7385.75,3,rsi_target,185.25,3705.0,14.0,3691.0,4.894310040955446,0.025727380043052566,144010.0,-0.0015623915005902368,0.02704673286577321,NQ,2018
2018-08-13,2018-08-17,2825.5,2852.25,4,rsi_target,26.75,1337.5,29.0,1308.5,5.8075053045125316,0.009467350911343125,141275.0,-0.007963192355335338,0.011148469297469474,ES,2018
2018-09-05,2018-09-11,2888.25,2889.75,4,rsi_target,1.5,75.0,29.0,46.0,9.950218169067156,0.0005193456245131135,144412.5,-0.00804985717995326,0.0016445944776248592,ES,2018
2018-09-05,2018-09-11,7531.75,7512.0,4,rsi_target,-19.75,-395.0,14.0,-409.0,8.220155185756767,-0.002622232548876423,150635.0,-0.018422013476283732,0.0016928336707936402,NQ,2018
2018-10-05,2018-10-16,2894.0,2817.75,7,rsi_target,-76.25,-3812.5,29.0,-3841.5,5.782216501828756,-0.02634761575673808,144700.0,-0.06280234968901174,0.002073255010366275,ES,2018
2018-10-04,2018-10-16,7514.25,7353.75,8,rsi_target,-160.5,-3210.0,14.0,-3224.0,6.466514827155393,-0.021359417107495757,150285.0,-0.08071331137505407,0.0034268223708287587,NQ,2018
2019-05-02,2019-05-03,7734.25,7865.0,1,rsi_target,130.75,2615.0,14.0,2601.0,6.660362113495992,0.016905323722403595,154685.0,6.464750945469826e-05,0.017875036364224068,NQ,2019
2019-05-09,2019-05-16,2872.75,2878.5,5,rsi_target,5.75,287.5,29.0,258.5,6.304578860626393,0.002001566443303455,143637.5,-0.025411191367156905,0.0073970933774258115,ES,2019
2019-05-09,2019-05-16,7595.25,7600.25,5,rsi_target,5.0,100.0,14.0,86.0,7.1770986704541,0.0006583061782034825,151905.0,-0.0401895921793226,0.007800928211711267,NQ,2019
2019-05-29,2019-06-04,2780.0,2805.0,4,rsi_target,25.0,1250.0,29.0,1221.0,8.13834186034272,0.008992805755395683,139000.0,-0.01843525179856115,0.009442446043165468,ES,2019
2019-05-29,2019-06-05,7216.0,7228.5,5,rsi_target,12.5,250.0,14.0,236.0,3.5197443020145585,0.0017322616407982262,144320.0,-0.038075110864745014,0.00765659645232816,NQ,2019
2019-07-17,2019-07-23,2985.0,3008.0,4,rsi_target,23.0,1150.0,29.0,1121.0,9.582304530933072,0.007705192629815745,149250.0,-0.005192629815745394,0.008291457286432161,ES,2019
2019-07-31,2019-08-08,2982.25,2940.0,6,rsi_target,-42.25,-2112.5,29.0,-2141.5,7.807994116663693,-0.014167155671053734,149112.5,-0.06924302120881884,0.010730153407662,ES,2019
2019-07-31,2019-08-08,7866.75,7735.75,6,rsi_target,-131.0,-2620.0,14.0,-2634.0,6.14005140719469,-0.016652365970699464,157335.0,-0.08164108431054756,0.01878158070359424,NQ,2019
2019-09-24,2019-10-04,2970.25,2951.0,8,rsi_target,-19.25,-962.5,29.0,-991.5,5.988971114690386,-0.006480935948152512,148512.5,-0.03880144768958842,0.008332631933338944,ES,2019
2019-09-23,2019-10-04,7850.5,7767.25,9,rsi_target,-83.25,-1665.0,14.0,-1679.0,9.515953232645018,-0.010604420100630533,157010.0,-0.04792688363798484,0.0069103878733838605,NQ,2019
2019-12-03,2019-12-06,3091.0,3146.0,3,rsi_target,55.0,2750.0,29.0,2721.0,6.311235471851234,0.017793594306049824,154550.0,-0.0029925590423811065,0.019411193788417987,ES,2019
2019-12-03,2019-12-06,8251.25,8400.25,3,rsi_target,149.0,2980.0,14.0,2966.0,8.360846442825974,0.018057870019693986,165025.0,-0.0037267080745341614,0.01917891228601727,NQ,2019
2020-01-27,2020-01-30,8954.5,9216.25,3,rsi_target,261.75,5235.0,14.0,5221.0,7.298559056757341,0.02923111284828857,179090.0,-0.00022335138757049528,0.0318834105756882,NQ,2020
2020-01-27,2020-02-04,3239.5,3299.5,6,rsi_target,60.0,3000.0,29.0,2971.0,3.1854755379153232,0.018521376755672173,161975.0,-0.008257447136903844,0.020296342028090754,ES,2020
2020-02-24,2020-03-02,9091.0,8791.25,5,rsi_target,-299.75,-5995.0,14.0,-6009.0,2.8680556977864455,-0.032972170278297214,181820.0,-0.10612143878561214,0.014657353426465736,NQ,2020
2020-02-24,2020-03-04,3226.25,3114.75,7,rsi_target,-111.5,-5575.0,29.0,-5604.0,1.9364708822427161,-0.034560247965904685,161312.5,-0.11561410306082913,0.01030608291359938,ES,2020
2020-07-24,2020-07-30,10459.0,10794.0,4,rsi_target,335.0,6700.0,14.0,6686.0,9.156728912742778,0.03202983076775982,209180.0,-0.005545463237403193,0.04190171144468879,NQ,2020
2020-08-11,2020-08-13,10878.5,11175.25,2,rsi_target,296.75,5935.0,14.0,5921.0,9.570573976602134,0.02727857700969803,217570.0,0.0,0.03562071976835041,NQ,2020
2020-09-08,2020-09-15,3335.5,3405.25,5,rsi_target,69.75,3487.5,29.0,3458.5,6.2055752158658635,0.020911407585069704,166775.0,-0.01199220506670664,0.026607704991755358,ES,2020
2020-09-04,2020-09-15,11548.75,11464.25,6,rsi_target,-84.5,-1690.0,14.0,-1704.0,9.881312694456469,-0.00731680917848252,230975.0,-0.0531226323195151,0.003138867842840134,NQ,2020
2020-09-21,2020-09-25,3275.0,3287.25,4,rsi_target,12.25,612.5,29.0,583.5,3.3646444489740475,0.0037404580152671754,163750.0,-0.02351145038167939,0.01366412213740458,ES,2020
2020-10-19,2020-10-22,3422.75,3449.25,3,rsi_target,26.5,1325.0,29.0,1296.0,5.3012434514970295,0.0077423124680447005,171137.5,-0.005916295376524724,0.013731648528230224,ES,2020
2020-10-19,2020-11-02,11650.25,11063.25,10,time_stop,-587.0,-11740.0,14.0,-11754.0,6.6614509118127785,-0.05038518486727753,233005.0,-0.06077122808523422,0.012167120877234395,NQ,2020
2020-10-26,2020-11-03,3393.5,3361.5,6,rsi_target,-32.0,-1600.0,29.0,-1629.0,9.318790821918356,-0.009429792249889494,169675.0,-0.04965374981582437,0.004862236628849271,ES,2020
2020-12-14,2020-12-15,3646.5,3694.5,1,rsi_target,48.0,2400.0,29.0,2371.0,5.428053727925743,0.01316330728095434,182325.0,-0.0010283833813245578,0.01350610174139586,ES,2020
2021-01-27,2021-02-02,3744.25,3818.25,4,rsi_target,74.0,3700.0,29.0,3671.0,5.334446875858262,0.019763637577619016,187212.5,-0.023435935100487415,0.024437470788542432,ES,2021
2021-02-19,2021-02-24,3903.0,3922.5,3,rsi_target,19.5,975.0,29.0,946.0,9.659385348450613,0.004996156802459646,195150.0,-0.025172943889315912,0.006341275941583398,ES,2021
2021-02-19,2021-03-01,13576.0,13279.75,6,rsi_target,-296.25,-5925.0,14.0,-5939.0,6.693985527706246,-0.021821596935769003,271520.0,-0.06730627578078963,0.003903948143783147,NQ,2021
2021-03-04,2021-03-11,12455.0,13048.25,5,rsi_target,593.25,11865.0,14.0,11851.0,9.79341932960213,0.04763147330389402,249100.0,-0.019891609795262947,0.05333199518265757,NQ,2021
2021-05-04,2021-05-07,13536.0,13709.75,3,rsi_target,173.75,3475.0,14.0,3461.0,3.2535139872365875,0.012836140661938535,270720.0,-0.010878398345153664,0.020833333333333332,NQ,2021
2021-05-12,2021-05-14,4058.75,4169.0,2,rsi_target,110.25,5512.5,29.0,5483.5,5.043355140629501,0.027163535571296582,202937.5,-0.007268247613181398,0.02944256236526024,ES,2021
2021-05-12,2021-05-14,12998.5,13387.0,2,rsi_target,388.5,7770.0,14.0,7756.0,4.449617290386584,0.029888064007385466,259970.0,-0.006423818132861484,0.0329076431895988,NQ,2021
2021-06-18,2021-06-22,4187.25,4236.25,2,rsi_target,49.0,2450.0,29.0,2421.0,2.641579709898039,0.011702191175592572,209362.5,-0.014448623798435728,0.013911278285270763,ES,2021
2021-07-16,2021-07-21,4318.5,4350.5,3,rsi_target,32.0,1600.0,29.0,1571.0,8.99650626665202,0.007409980317239782,215925.0,-0.021882598124348732,0.008509899270580063,ES,2021
2021-07-16,2021-07-21,14670.5,14827.75,3,rsi_target,157.25,3145.0,14.0,3131.0,7.6845149811486095,0.010718789407313998,293410.0,-0.015370982584097338,0.011519716437749225,NQ,2021
2021-08-18,2021-08-20,4394.5,4437.0,2,rsi_target,42.5,2125.0,29.0,2096.0,7.5436116810791845,0.009671179883945842,219725.0,-0.010638297872340425,0.0104676299920355,ES,2021
2021-08-18,2021-08-20,14849.25,15086.75,2,rsi_target,237.5,4750.0,14.0,4736.0,5.259895751317657,0.01599407377476977,296985.0,-0.009343906257891813,0.016886374732730608,NQ,2021
2021-09-10,2021-09-15,15441.5,15504.0,3,rsi_target,62.5,1250.0,14.0,1236.0,4.42427089612913,0.004047534242139689,308830.0,-0.00817601916912217,0.007997927662468025,NQ,2021
2021-09-09,2021-09-23,4492.25,4438.0,10,rsi_target,-54.25,-2712.5,29.0,-2741.5,4.267822260548414,-0.012076353720296066,224612.5,-0.04418721130836441,0.00578774556180088,ES,2021
2021-09-20,2021-09-23,15009.5,15303.5,3,rsi_target,294.0,5880.0,14.0,5866.0,3.5185653519032485,0.01958759452346847,300190.0,-0.005263333222292548,0.022485759019287784,NQ,2021
2021-09-30,2021-10-06,4297.75,4354.0,4,rsi_target,56.25,2812.5,29.0,2783.5,7.220295205319246,0.013088243848525392,214887.5,-0.00878366587167704,0.015822232563550694,ES,2021
2021-09-28,2021-10-06,14764.75,14759.0,6,rsi_target,-5.75,-115.0,14.0,-129.0,5.799264637465072,-0.0003894410674071691,295295.0,-0.026888365871416717,0.010921282107722786,NQ,2021
2021-11-10,2021-11-12,15980.5,16192.75,2,rsi_target,212.25,4245.0,14.0,4231.0,7.123053095340467,0.013281812208629267,319610.0,-0.00028159319170238727,0.014564625637495698,NQ,2021
2021-11-26,2021-12-07,4595.75,4685.0,7,rsi_target,89.25,4462.5,29.0,4433.5,7.1357369516605615,0.0194201164119023,229787.5,-0.022575205352771584,0.02208562258608497,ES,2021
2021-11-26,2021-12-07,16051.0,16318.0,7,rsi_target,267.0,5340.0,14.0,5326.0,9.99000845408051,0.01663447760264158,321020.0,-0.03196062550619899,0.02524764812161236,NQ,2021
2021-12-20,2021-12-22,4558.5,4686.0,2,rsi_target,127.5,6375.0,29.0,6346.0,8.529576498492801,0.02796972688384337,227925.0,0.0015904354502577602,0.028956893715037842,ES,2021
2022-01-05,2022-01-11,4692.5,4705.0,4,rsi_target,12.5,625.0,29.0,596.0,7.635720697426976,0.002663825253063399,234625.0,-0.025519445924347364,0.004954714970697922,ES,2022
2022-01-05,2022-01-11,15766.5,15831.0,4,rsi_target,64.5,1290.0,14.0,1276.0,6.577290131819396,0.004090952335648369,315330.0,-0.03894332921066819,0.008197761075698475,NQ,2022
2022-01-18,2022-01-28,4571.25,4423.25,8,rsi_target,-148.0,-7400.0,29.0,-7429.0,5.1765009848434005,-0.03237626469783976,228562.5,-0.07842493847415914,0.006945583811867651,ES,2022
2022-01-19,2022-01-28,15033.5,14433.0,7,rsi_target,-600.5,-12010.0,14.0,-12024.0,8.176431141485793,-0.039944124787973524,300670.0,-0.08830279043469584,0.020404430106096386,NQ,2022
2023-02-21,2023-03-03,4005.75,4049.75,8,rsi_target,44.0,2200.0,29.0,2171.0,3.126731739373966,0.010984210197840604,200287.5,-0.020158522124446108,0.011795543905635648,ES,2023
2023-02-21,2023-03-03,12096.75,12311.25,8,rsi_target,214.5,4290.0,14.0,4276.0,5.766713291651968,0.017732035464070928,241935.0,-0.021844710356087378,0.0191993717320768,NQ,2023
2023-04-12,2023-04-13,12952.25,13209.75,1,rsi_target,257.5,5150.0,14.0,5136.0,7.301836300311152,0.019880715705765408,259045.0,-0.002065278233511552,0.021289737304329363,NQ,2023
2023-04-25,2023-04-27,4093.25,4153.75,2,rsi_target,60.5,3025.0,29.0,2996.0,4.073498294381906,0.014780431197703536,204662.5,-0.005985463873450192,0.017895315458376596,ES,2023
2023-04-20,2023-04-27,13074.25,13231.25,5,rsi_target,157.0,3140.0,14.0,3126.0,8.185003596444773,0.012008336998298182,261485.0,-0.02097634663556227,0.01979081018031627,NQ,2023
2023-05-04,2023-05-05,4075.75,4150.25,1,rsi_target,74.5,3725.0,29.0,3696.0,7.180352772758241,0.018278844384469115,203787.5,0.0002453536158989143,0.021468441391155002,ES,2023
2023-05-24,2023-05-26,4126.0,4213.25,2,rsi_target,87.25,4362.5,29.0,4333.5,6.880827324770991,0.021146388754241397,206300.0,0.0013330101793504604,0.02308531265147843,ES,2023
2023-08-02,2023-08-14,4537.25,4506.0,8,rsi_target,-31.25,-1562.5,29.0,-1591.5,9.534061439409584,-0.006887431814425037,226862.5,-0.01724612926332029,0.005179348724447628,ES,2023
2023-08-02,2023-08-16,15473.0,14942.25,10,time_stop,-530.75,-10615.0,14.0,-10629.0,9.563336050884573,-0.03430168680928068,309460.0,-0.03564273250177729,0.008870290182899244,NQ,2023
2023-08-17,2023-08-21,14778.0,14985.75,2,rsi_target,207.75,4155.0,14.0,4141.0,7.182250264111175,0.014058059277304101,295560.0,-0.011419001218026796,0.015952767627554473,NQ,2023
2023-08-16,2023-08-23,4420.0,4447.0,5,rsi_target,27.0,1350.0,29.0,1321.0,9.64106969160629,0.006108597285067873,221000.0,-0.01583710407239819,0.012726244343891403,ES,2023
2023-09-07,2023-09-11,4456.25,4490.25,2,rsi_target,34.0,1700.0,29.0,1671.0,6.771536417981935,0.007629733520336606,222812.5,-0.002973352033660589,0.008359046283309957,ES,2023
2023-09-07,2023-09-11,15282.25,15475.75,2,rsi_target,193.5,3870.0,14.0,3856.0,7.946511049540831,0.01266174810646338,305645.0,-0.0038770469008163064,0.014084967854864303,NQ,2023
2023-09-20,2023-10-02,15152.0,14984.75,8,rsi_target,-167.25,-3345.0,14.0,-3359.0,4.006343752958685,-0.011038146779303062,303040.0,-0.03735480464625132,-0.00019799366420274552,NQ,2023
2023-09-20,2023-10-04,4447.0,4297.75,10,time_stop,-149.25,-7462.5,29.0,-7491.5,9.154900527777158,-0.03356195187767034,222350.0,-0.047560152912075555,0.0,ES,2023
2023-10-19,2023-10-31,4303.0,4212.25,8,rsi_target,-90.75,-4537.5,29.0,-4566.5,8.158350291349464,-0.021089937253079248,215150.0,-0.04200557750406693,0.00029049500348594004,ES,2023
2023-10-19,2023-10-31,14890.0,14490.25,8,rsi_target,-399.75,-7995.0,14.0,-8009.0,8.308044355872909,-0.026846877098723975,297800.0,-0.050352585627938214,0.003945601074546675,NQ,2023
2024-01-02,2024-01-08,4787.25,4801.25,4,rsi_target,14.0,700.0,29.0,671.0,8.349403629882843,0.00292443469632879,239362.5,-0.01780771841871638,0.0033422110815186173,ES,2024
2024-01-02,2024-01-08,16720.0,16803.75,4,rsi_target,83.75,1675.0,14.0,1661.0,4.196021984536216,0.005008971291866029,334400.0,-0.02307117224880383,0.005457535885167464,NQ,2024
2024-01-17,2024-01-19,4771.25,4869.5,2,rsi_target,98.25,4912.5,29.0,4883.5,7.56536636105578,0.02059208802724653,238562.5,-0.0016243122871364946,0.021587634267749543,ES,2024
2024-02-21,2024-02-22,17536.75,18047.5,1,rsi_target,510.75,10215.0,14.0,10201.0,8.873032412795041,0.029124552724991804,350735.0,0.007940467874606184,0.031376965515275065,NQ,2024
2024-04-04,2024-04-09,18076.75,18359.75,3,rsi_target,283.0,5660.0,14.0,5646.0,7.235997414860108,0.01565546904172487,361535.0,-0.0013968218844648513,0.018338473453469235,NQ,2024
2024-04-04,2024-04-18,5197.25,5049.0,10,time_stop,-148.25,-7412.5,29.0,-7441.5,5.300994920671698,-0.028524700562797635,259862.5,-0.03054499975948819,0.016883929000913945,ES,2024
2024-04-18,2024-04-23,5049.0,5106.5,3,rsi_target,57.5,2875.0,29.0,2846.0,2.7729640194826715,0.011388393741334917,252450.0,-0.01693404634581105,0.01277480689245395,ES,2024
2024-04-17,2024-04-23,17658.5,17606.75,4,rsi_target,-51.75,-1035.0,14.0,-1049.0,6.152241112311458,-0.002930599994337005,353170.0,-0.03087748109975366,0.006356712065011184,NQ,2024
2024-05-23,2024-06-04,5285.25,5304.0,7,rsi_target,18.75,937.5,29.0,908.5,9.77241386050973,0.003547608911593586,264262.5,-0.015089163237311385,0.010169812213234946,ES,2024
2024-07-19,2024-07-31,5553.75,5558.0,8,rsi_target,4.25,212.5,29.0,183.5,7.472585731497844,0.0007652487058293946,277687.5,-0.02183209543101508,0.01368444744541976,ES,2024
2024-07-17,2024-07-31,19997.5,19505.25,10,rsi_target,-492.25,-9845.0,14.0,-9859.0,6.153059534494702,-0.02461557694711839,399950.0,-0.06363295411926491,0.008251031378922365,NQ,2024
2024-08-05,2024-08-08,5217.5,5348.25,3,rsi_target,130.75,6537.5,29.0,6508.5,4.814610835268326,0.025059894585529468,260875.0,-0.00680402491614758,0.02750359367513177,ES,2024
2024-08-05,2024-08-08,18013.25,18525.25,3,rsi_target,512.0,10240.0,14.0,10226.0,7.578326108601402,0.028423521574396624,360265.0,-0.01507223849111071,0.03221239920613993,NQ,2024
2024-09-06,2024-09-11,5419.5,5561.25,3,rsi_target,141.75,7087.5,29.0,7058.5,2.7397100778669454,0.026155549404926655,270975.0,-0.002629393855521727,0.02730879232401513,ES,2024
2024-09-06,2024-09-11,18458.25,19271.0,3,rsi_target,812.75,16255.0,14.0,16241.0,2.5804882064270203,0.04403180149797516,369165.0,-0.003914238890469031,0.04525076862649493,NQ,2024
2024-10-23,2024-10-29,5837.75,5871.0,4,rsi_target,33.25,1662.5,29.0,1633.5,5.833474018965319,0.005695687550854353,291887.5,-0.002612307824076057,0.010791829043724038,ES,2024
2024-10-31,2024-11-05,5738.5,5812.25,3,rsi_target,73.75,3687.5,29.0,3658.5,3.6648634453827214,0.012851790537596932,286925.0,-0.002483227324213645,0.014768667770323256,ES,2024
2024-10-31,2024-11-05,20021.75,20341.75,3,rsi_target,320.0,6400.0,14.0,6386.0,9.495395195194419,0.015982618901944134,400435.0,-0.000437024735600035,0.018167742579944312,NQ,2024
2024-11-15,2024-11-21,5896.5,5970.5,4,rsi_target,74.0,3700.0,29.0,3671.0,3.7100171509455464,0.012549817688459256,294825.0,-0.00703807343339269,0.01500890358687357,ES,2024
2024-11-15,2024-11-21,20493.75,20829.5,4,rsi_target,335.75,6715.0,14.0,6701.0,1.7631501482486271,0.01638304361085697,409875.0,-0.005428484293992071,0.020103690149435804,NQ,2024
2024-12-18,2024-12-23,5872.25,6036.0,3,rsi_target,163.75,8187.5,29.0,8158.5,3.7817928811519437,0.027885393162757035,293612.5,-0.012175912129081697,0.029077440504065733,ES,2024
2024-12-19,2024-12-23,21112.75,21753.25,2,rsi_target,640.5,12810.0,14.0,12796.0,9.335177018969787,0.03033711856579555,422255.0,-0.01741838462540408,0.03145019005103551,NQ,2024
2025-01-02,2025-01-03,5916.5,5989.5,1,rsi_target,73.0,3650.0,29.0,3621.0,8.062996037791123,0.012338375728893772,295825.0,-0.0008873489394067438,0.013563762359503085,ES,2025
2024-12-31,2025-01-03,21226.5,21516.5,2,rsi_target,290.0,5800.0,14.0,5786.0,9.296571567226493,0.013662167573551928,424530.0,-0.011436176477516312,0.01567615951758415,NQ,2025
2025-01-10,2025-01-15,5866.25,5989.0,3,rsi_target,122.75,6137.5,29.0,6108.5,5.521039965381377,0.020924781589601534,293312.5,-0.009759215853398678,0.02301299808225016,ES,2025
2025-01-10,2025-01-15,21016.0,21400.25,3,rsi_target,384.25,7685.0,14.0,7671.0,6.547382748227065,0.01828368861819566,420320.0,-0.015321659687856872,0.020781785306433195,NQ,2025
2025-01-27,2025-02-04,21258.5,21670.25,6,rsi_target,411.75,8235.0,14.0,8221.0,8.585529276322362,0.019368723098995694,425170.0,-0.01484112237457958,0.03328080532492885,NQ,2025
2025-02-21,2025-03-07,6029.0,5776.0,10,time_stop,-253.0,-12650.0,29.0,-12679.0,6.242878193598898,-0.04196384143307348,301450.0,-0.059047934980925525,0.006385801957206834,ES,2025
2025-02-21,2025-03-07,21679.25,20229.75,10,time_stop,-1449.5,-28990.0,14.0,-29004.0,4.673736765116374,-0.06686116909025912,433585.0,-0.0882756552925032,0.006169493870867304,NQ,2025
2025-05-21,2025-05-27,5861.25,5934.25,3,rsi_target,73.0,3650.0,29.0,3621.0,9.008845898248154,0.012454681168692685,293062.5,-0.017871614416719982,0.013734271699722755,ES,2025
2025-05-21,2025-05-27,21156.75,21460.5,3,rsi_target,303.75,6075.0,14.0,6061.0,9.457084885872902,0.014357120068063384,423135.0,-0.020312666170371158,0.01568057475746511,NQ,2025
2025-08-01,2025-08-06,22883.75,23422.75,3,rsi_target,539.0,10780.0,14.0,10766.0,2.6639280125912137,0.02355383186759163,457675.0,-0.002709346151745234,0.024537062325886275,NQ,2025
2025-07-31,2025-08-08,6374.25,6413.5,6,rsi_target,39.25,1962.5,29.0,1933.5,7.407749449316455,0.0061575871671177,318712.5,-0.021139741930423187,0.008236263089775268,ES,2025
2025-08-19,2025-08-22,6432.5,6483.25,3,rsi_target,50.75,2537.5,29.0,2508.5,8.786668273790667,0.00788962300816168,321625.0,-0.010843373493975903,0.009910610182666148,ES,2025
2025-08-19,2025-08-22,23469.5,23569.75,3,rsi_target,100.25,2005.0,14.0,1991.0,3.3445094786038965,0.0042715013102111255,469390.0,-0.018513389718570913,0.007690832782973647,NQ,2025
2025-10-10,2025-10-17,24397.0,24986.5,5,rsi_target,589.5,11790.0,14.0,11776.0,8.59508048964419,0.02416280690248801,487940.0,0.0005328523998852318,0.03207361560847645,NQ,2025
2025-10-10,2025-10-20,6595.25,6773.75,6,rsi_target,178.5,8925.0,29.0,8896.0,5.663885245205705,0.027064933095788637,329762.5,-0.0036389826011144384,0.02846745763996816,ES,2025
2025-11-17,2025-11-24,6692.0,6721.25,5,rsi_target,29.25,1462.5,29.0,1433.5,4.872484928420718,0.00437089061566049,334600.0,-0.024955170352659893,0.014831141661685594,ES,2025
2025-11-17,2025-11-24,24879.0,24948.25,5,rsi_target,69.25,1385.0,14.0,1371.0,4.75429668152978,0.0027834720045017886,497580.0,-0.03916958077093131,0.01732384742152016,NQ,2025
2025-12-16,2025-12-22,6801.0,6930.25,4,rsi_target,129.25,6462.5,29.0,6433.5,9.597664506328599,0.019004558153212763,340050.0,-0.011873253933245112,0.01988678135568299,ES,2025
2025-12-12,2025-12-22,25213.5,25692.25,6,rsi_target,478.75,9575.0,14.0,9561.0,5.864522253001127,0.018987843813829893,504270.0,-0.02217066254189224,0.023053126301386163,NQ,2025
2025-12-31,2026-01-05,6892.5,6943.75,2,rsi_target,51.25,2562.5,29.0,2533.5,6.9222946217636405,0.007435618425825173,344625.0,-0.0037359448676097208,0.010301051867972434,ES,2026
2025-12-31,2026-01-06,25456.75,25822.0,3,rsi_target,365.25,7305.0,14.0,7291.0,6.261848105434865,0.014347864515305371,509135.0,-0.007522562778045115,0.014966560931776444,NQ,2026
2026-01-20,2026-01-22,25129.25,25658.25,2,rsi_target,529.0,10580.0,14.0,10566.0,3.7913445149858944,0.02105116547449685,502585.0,-0.004148551986231185,0.0242943979625337,NQ,2026
2026-01-20,2026-01-26,6829.5,6981.25,4,rsi_target,151.75,7587.5,29.0,7558.5,3.1443758749573902,0.022219781828830807,341475.0,-0.0021963540522732263,0.024306318178490372,ES,2026
2026-02-05,2026-02-09,6820.75,6983.25,2,rsi_target,162.5,8125.0,29.0,8096.0,3.996189694849704,0.023824359491258294,341037.5,-0.01015284242935161,0.02635340688340725,ES,2026
2026-02-04,2026-02-09,24999.25,25354.0,3,rsi_target,354.75,7095.0,14.0,7081.0,7.009746277951436,0.014190425712771383,499985.0,-0.03038091142734282,0.017180515415462463,NQ,2026
2026-02-12,2026-02-18,6851.0,6894.25,3,rsi_target,43.25,2162.5,29.0,2133.5,9.297512600848009,0.006312947015034301,342550.0,-0.008757845569989783,0.010910815939278937,ES,2026
2026-03-03,2026-03-17,6824.75,6721.75,10,time_stop,-103.0,-5150.0,29.0,-5179.0,6.683274940892403,-0.015092127916773508,341237.5,-0.035202754679658596,0.011135939045386277,ES,2026
2026-03-12,2026-03-17,24560.0,24795.5,3,rsi_target,235.5,4710.0,14.0,4696.0,9.328482308850468,0.009588762214983714,491200.0,-0.011482084690553746,0.013680781758957655,NQ,2026
2026-06-05,2026-06-12,7400.5,7435.0,5,rsi_target,34.5,1725.0,29.0,1696.0,7.943983247973293,0.004661847172488345,370025.0,-0.022734950341193164,0.012228903452469428,ES,2026
2026-06-05,2026-06-12,29026.5,29662.0,5,rsi_target,635.5,12710.0,14.0,12696.0,2.3880583554027766,0.021893786712142354,580530.0,-0.027517957728282777,0.028310337105748196,NQ,2026
2026-07-17,2026-07-21,28773.25,29316.0,2,rsi_target,542.75,10855.0,14.0,10841.0,6.4014096836150145,0.01886300643827166,575465.0,-0.0025110128331001886,0.02055728845368528,NQ,2026
2026-07-20,2026-07-31,7484.25,7519.25,9,rsi_target,35.0,1750.0,29.0,1721.0,8.144211214075042,0.004676487289975616,374212.5,-0.02141163109195978,0.0105889033637305,ES,2026
2026-07-24,2026-07-31,28282.25,28404.25,5,rsi_target,122.0,2440.0,14.0,2426.0,9.276069751113255,0.004313659627504884,565645.0,-0.038213013462507404,0.017007133449424994,NQ,2026
2026-08-18,2026-08-27,7714.0,7742.5,7,rsi_target,28.5,1425.0,29.0,1396.0,9.795084891274314,0.003694581280788177,385700.0,-0.007648431423386052,0.006578947368421052,ES,2026
2026-08-18,2026-08-27,29586.0,29695.75,7,rsi_target,109.75,2195.0,14.0,2181.0,9.849302379373484,0.0037095247752315283,591720.0,-0.021606503075779084,0.0057882106401676466,NQ,2026
